age,income,credit_score,debt_ratio,loan_amount,loan_approved
56,25903.30519613641,400,0.2824724263700037,15759.388048069699,0
69,53051.954538008344,431,0.4252281854376939,21274.05971734585,0
46,38654.73882073545,680,0.03757109039890738,13839.353407257728,0
32,28666.19435603489,431,0.12786680122241756,20823.074951551782,0
60,40301.4067363621,319,0.7655467505158609,18661.172535663267,0
25,33776.779945784074,835,1.1634755366141114e-05,13933.038906964257,0
38,75307.12452608848,526,0.4165658284822922,18273.383087411567,0
56,63224.59635424176,453,0.5225101810855884,12633.674765834756,0
36,49880.41038025074,768,0.054634420000972295,26751.029000028608,1
40,72199.16208335038,704,0.9730781629723328,1678.3383946277645,0
28,51160.524614714275,501,0.22612533124967193,18364.716022475197,0
28,37080.73698007604,337,0.30419871963628087,6177.020453614765,0
41,72846.86115904486,487,0.30394251225502733,13871.716483909657,0
53,58083.65065526988,356,0.2304166621173499,14571.95955264377,0
57,34441.30768510315,319,0.001473822086311416,22538.16779456842,0
41,47144.91982874588,572,0.7293447940879964,11539.238939615549,0
20,36865.726199228644,418,0.9668454997992854,21540.05957830889,0
39,29258.00403553496,815,0.22429348328504506,9105.916798876016,0
19,63892.66321297462,520,0.6630471918034224,21733.34861877433,0
41,78641.24960705196,825,0.7418963269587151,12628.272790482635,0
61,29021.486392712883,814,0.8484253790905247,15367.172596205593,0
47,58444.538550358564,635,0.4226291970136091,13318.10668444798,0
55,40240.361463172594,354,0.30293090564042924,21411.81737057802,0
19,42693.11924352956,799,0.3252951340230311,20438.699216168738,1
38,41114.09113641696,835,0.7126213330985128,17217.508602922626,0
50,37040.138454802756,461,0.816779466505636,9240.65807706613,0
29,50727.82441917241,458,0.18161396775660266,11424.890659848787,0
39,37535.748253834434,487,0.3709410081577652,9857.117372469373,0
61,54056.85238669758,359,0.90194019674915,3759.2855660391833,0
42,49246.42835826294,618,0.8066935196947392,21306.590509250233,0
66,46415.77929700386,510,0.9848584027624758,13360.882368286515,0
44,36386.545069376036,705,0.7542482596820808,13307.530178538513,0
59,41348.43004147501,408,0.39319520102792227,22480.5111671278,0
45,61330.86838738634,375,0.5906378339946378,12620.056988068161,0
33,57513.75781436571,841,0.6610142542473203,10797.645321570346,0
32,35336.67132802174,613,0.07845581631712395,13876.271897425077,0
64,51489.98458143839,416,0.5444969591038651,9336.654740615519,0
68,61270.80685057683,318,0.7093208284726096,16721.77884643978,0
61,24958.920783179423,731,0.16732130400106038,13131.689608679148,0
69,58150.402885699026,649,0.7806317174255571,12463.642947030938,0
20,40060.643615812296,482,0.5837727805141116,12030.48413989849,0
54,58558.98002889739,412,0.9522217856975946,14468.892530789943,0
68,38551.11265186225,482,0.042422298206891695,15417.405627599255,0
24,22926.768490032213,780,0.26532613755546697,12400.12455796239,0
38,25586.86343175256,445,0.6015538792998241,13206.170319524266,0
26,50721.27419992073,412,0.2965599122059307,14592.385865903256,0
56,53895.83752582223,775,0.7144241640712422,14087.909322302306,0
35,36435.25062343387,602,0.759005282521931,15155.37983437507,0
21,59578.88688166061,417,0.10251596406647445,11616.645983759932,0
42,25077.1990659656,460,0.5138544642067677,20022.96454563245,0
31,49008.80302029025,700,0.5088905555910559,15484.140887047586,0
67,31834.75700356315,497,0.36928077021554107,12480.766235875613,0
26,40222.45838296761,559,0.9329248625696721,16721.921086892675,0
43,50710.98006974621,346,0.8275063198732212,14628.157005906427,0
19,37093.799520740715,698,0.6972093819096368,6330.868227581659,0
37,44231.66683655262,377,0.7143266357349976,16704.76345110813,0
45,65094.39213821661,423,0.4617161438131191,9902.468988079065,0
64,41346.62195715277,374,0.9209945210965759,19672.13891615654,0
24,62535.38168097712,436,0.6945954272532854,13791.251805532766,0
61,33054.397180135726,699,0.7289810616558164,18900.35148695532,0
25,57947.06266872924,804,0.8616909037873453,11848.907234011964,0
64,71623.5293098685,799,0.274071589342191,15349.646335703199,1
52,12925.332498090662,437,0.807070903866703,21051.217502534382,0
31,38046.57116794285,349,0.19524060295649204,13654.917267925886,0
34,58656.081907708096,553,0.34534195224488784,12045.914506320976,0
53,46954.31920935511,725,0.3356104542698427,18275.203068908948,1
67,55567.188100569634,846,0.9785254683891406,18178.307983754803,0
57,40940.22219926269,601,0.8565372237479268,12256.254332925906,0
21,51298.8468120935,648,0.7011698615902597,5072.694897911189,0
19,47664.84146911881,348,0.7270567616153901,11949.88511250822,0
23,67516.73092489711,373,0.5620727944025711,18386.79760843211,0
59,53816.31264951819,560,0.9470906671085191,11124.82905288138,0
21,55064.039931128034,655,0.49625875288236154,14945.310814919023,0
46,43821.84550816299,559,0.3805177098698945,11712.57531016828,0
35,42685.906638912595,594,0.163035336931591,5339.164187369752,0
43,43511.627182705684,612,0.786205652261058,11622.59411480036,0
61,55916.78213567445,481,0.7344439320755914,18365.66010344856,0
51,43685.232787696055,663,0.3843550385241349,3148.737599670938,1
27,54346.62285344619,487,0.02519341395922936,16260.836752377878,0
53,81131.01197968159,842,0.8389973277180107,9069.653843002934,0
31,63066.87055147538,847,0.011417983454073632,18042.21034737096,1
48,45109.647017482384,707,0.703699779629051,18571.594679368267,0
65,68018.20883245918,713,0.970257109726057,14140.26032544362,0
32,43878.86940467673,641,0.43766132814820347,14151.65920609389,0
25,19428.13197233219,519,0.23497340499595276,10968.186514318493,0
31,34878.70533623894,462,0.7048710100433817,8272.08299947517,0
40,21938.121184612166,519,0.8171281420155851,23490.464531668666,0
57,44727.297739380374,569,0.5464303160778473,10674.64286414436,0
38,50276.27568784328,699,0.9670352752561462,22838.980655982363,0
33,75146.55968412924,481,0.0516687216579611,10702.499800999116,0
62,54903.910606462436,504,0.5047955983045281,17625.951951688643,0
35,46713.49206786704,527,0.7184539473225501,9310.964201731826,0
64,62441.083717752335,549,0.862640471149179,17616.975084510075,0
41,16832.970364881723,740,0.17925561190779005,13372.063214234391,0
43,53534.21837162849,832,0.8000034817636814,13437.419196621648,0
42,61562.9779083045,495,0.5527070757185453,18050.11584892225,0
62,27821.206313302377,818,0.3965536819899632,12654.29317460451,0
58,67156.31064810394,369,0.13171502857909356,7859.257522774512,0
46,55077.44611241621,698,0.8652957589089124,18806.527817047263,0
32,43770.681291487985,502,0.15727320817971535,9270.49705008836,0
62,59491.72799159427,447,0.30978785920909924,17582.586421989552,0
18,84060.39286706594,771,0.2900455319624369,19864.982726665003,1
42,52727.99382587743,498,0.8714140341908543,13122.530568238913,0
24,53723.30879450504,725,0.672702994208898,20911.76422045892,0
26,43109.58650689634,791,0.7966813971913723,17408.918539306418,0
41,37252.33445802813,441,0.250467898792499,11520.692899276122,0
18,62455.03724816369,612,0.6248740996069989,22007.145011330373,0
61,37158.74261136699,464,0.5717459831437487,9291.640891303048,0
25,51073.49355829089,613,0.8328303767882711,13116.497850482172,0
41,42835.13829852325,320,0.9060870604812605,13968.425981903356,0
28,57184.697386195876,381,0.012156771477386807,18026.11850509128,0
68,55004.931579304226,430,0.6740199190587927,20577.166486905673,0
34,65563.0991638685,604,0.05183579911972902,20263.95778451357,1
25,42349.75401717879,670,0.5488586650773559,16118.74159787153,0
52,45951.87597059943,683,0.2876327290436782,13598.654477682167,1
52,35318.54426326539,744,0.3067765995221412,5870.07879186185,0
50,43335.60109885833,724,0.3529585034523566,8429.270727723917,1
22,55659.50739567279,460,0.6212924490496101,23833.277446457178,0
59,61354.829249680275,477,0.3340499656687692,5819.640062487304,0
56,36167.52013733562,789,0.7326990505902804,11077.546783789452,0
58,63044.088801584905,626,0.4045273855738697,20723.03141025045,0
45,70334.56788207426,588,0.06835320030995862,16048.566495986834,0
24,56201.523548355515,653,0.7837598424841072,19640.225355028462,0
26,78151.937188371,327,0.285758324592706,17714.141756353383,0
25,38393.1620134464,342,0.43276687959926263,22347.912686804433,0
29,31330.179450328746,722,0.6854438832219015,16477.136432824424,0
51,23319.19626643582,476,0.332456157148712,18317.238645757556,0
50,72440.66467233775,828,0.056585656146715624,11378.767339708298,1
65,59815.484845310864,793,0.3739210470128136,17931.664877890682,1
40,49166.229936343174,497,0.9444485826943034,13019.369510053857,0
41,54199.529394797304,816,0.6417343972985582,12734.470660096438,0
54,33117.66429052435,813,0.6714791486672069,19473.617573235686,0
52,86686.27969425239,321,0.6322821536376398,19508.11688029682,0
61,51938.31772962841,411,0.1989921389594368,23442.210778730656,0
57,51640.92191907339,356,0.41833386410228013,23116.315927431006,0
39,60886.49935848038,365,0.7509397983633183,19586.575806793877,0
44,57215.1384760507,397,0.10137289755315915,6397.771948816437,0
52,53358.26036418697,443,0.27785277608971226,24138.404914748484,0
18,38142.88316832032,734,0.2763191084658536,19589.838353331812,0
52,57072.025357039936,385,0.432018927594506,11170.699549568486,0
54,78230.3674471255,643,0.9803687409421851,18644.54577781391,0
64,70181.30069232467,593,0.06750254668382194,9813.67129518636,0
31,73897.79939959096,542,0.518700994380595,18093.15060054871,0
20,42331.76485353222,331,0.17936468201221045,8418.649794629504,0
18,35155.92769612129,690,0.9706765454097441,10958.907956066818,0
22,48113.19619850528,576,0.1133035047274642,18549.645646002635,0
43,50835.87368433042,831,0.40360100236159124,20364.433714964467,0
31,66412.87277706423,453,0.7378849848346062,16627.184297169053,0
56,24613.03055427771,682,0.7045544280274453,13569.156816560147,0
44,72943.2547919092,367,0.42272863689393225,4425.668524915047,0
26,47629.88152131516,513,0.34652416795271823,13954.894501743202,0
32,43596.7839507887,675,0.39761237855287057,17667.42538412264,1
32,34818.434371097486,512,0.2642762631586393,13416.174470321765,0
43,25177.14992201346,378,0.2053329387067998,14887.110294527909,0
59,62347.55875942872,680,0.48303969755889,14071.912660410397,0
30,51099.76950782606,357,0.2685337560676073,13391.468910892832,0
68,30650.58650388419,325,0.2874616648972501,15379.386949799064,0
49,30573.818419045758,746,0.6567560634745571,13636.527089237698,0
56,44963.229510648074,365,0.9685373316998922,22216.447768159713,0
66,75035.32287934089,553,0.6036372005593751,3967.905758081335,0
69,46106.12972954593,343,0.07697946706496628,12270.787070144612,0
49,27452.855703228408,396,0.07558361385406698,10648.718882413874,0
21,46313.85403871084,526,0.951423220845566,16095.55300017205,0
47,45909.146453784946,735,0.29729079030733363,15385.723929415632,1
54,9546.700355876426,678,0.09206698608247543,23110.965507747143,0
40,49185.577002232814,477,0.5990445871503816,24755.710241488974,0
56,46535.98204686983,726,0.6236487782902661,11134.582722147594,0
62,60443.095472201276,606,0.6485048201186882,15002.500325168148,0
32,77734.34142418018,803,0.2674020278575413,15981.522084621776,1
60,66898.47544321636,567,0.015110684214475034,11010.93125831332,0
46,45966.669641677545,307,0.9650153694544719,18141.910180188115,0
53,33402.11136887495,807,0.2508930456911025,13802.463156175278,0
30,88600.3970487479,775,0.6760262880525475,9661.82574699511,0
49,50888.27651021732,596,0.7066298698787096,13602.158478667285,0
24,50208.939378694195,463,0.6100074170794857,10011.627136296756,0
68,49638.12369334995,784,0.3129073942136482,20183.23414709628,1
39,52971.271411517824,371,0.27109625376406576,24507.79627556835,0
45,47834.593821140865,537,0.5976682827027031,16224.096869472698,0
19,41395.069896796456,403,0.8660956336116915,15556.383840266379,0
59,41797.115881394115,509,0.9467337289233956,15762.17383437093,0
62,49508.70094676002,767,0.10590580440375763,20911.170144691576,1
23,41848.62843299352,753,0.15482861259771985,20803.495017985915,1
45,39307.313259842536,567,0.9447362587830797,14421.732157258846,0
45,51596.453415378455,685,0.7365352283347926,16262.949636895457,0
61,46175.34173868717,686,0.8829938248297731,18263.23203588539,0
61,72559.89482874033,558,0.20263263413534316,9311.56271724633,0
37,10235.45287410482,582,0.5875858711094019,21063.04118710228,0
47,66372.60277883692,339,0.7011395944174736,23674.159456136138,0
28,68691.27788746444,785,0.6801118854469727,20825.160524197287,0
45,18899.146513877757,519,0.4081516908666981,8772.030441927225,0
42,44859.68608879477,428,0.015394891691308477,5149.997722905629,0
56,44428.38701006313,819,0.5829260568042631,18543.59336758966,0
50,28887.32457923268,559,0.25310153917960876,11199.052755189568,0
18,38332.74968613687,665,0.45025424614289034,16435.666770614927,0
44,33341.36231801257,843,0.9575810150838173,22675.743600037742,0
69,76284.05665135435,823,0.3990353176424347,11715.22411800795,1
30,64035.17589721191,315,0.8398016066644267,13112.2267179552,0
58,69073.32642491237,428,0.18854060574925113,16383.61486294158,0
20,60825.08096064853,408,0.6724604980250288,8512.451800088847,0
56,33064.22343174156,832,0.9770069544389435,11210.71901997062,0
23,42132.196005803395,568,0.10189310087293679,15124.287518756346,0
25,57340.61841841877,461,0.008319942227192012,13497.725655911243,0
44,31668.082866620818,559,0.43358279263261434,18042.03876899613,0
26,60694.97645258582,401,0.0926254830513672,28829.898072196338,0
54,46395.119027627974,805,0.7483843496762314,15495.691697090622,0
50,44377.68788675604,546,0.9145486638485589,10791.440269809955,0
68,60664.39952305237,836,0.43402097270875883,22091.201773787823,0
59,56663.9496722906,430,0.25871164215544096,7055.9076233988935,0
61,44585.507512713804,652,0.4344033190066098,8055.459144854463,0
41,67389.94705046373,495,0.723447817850001,12024.482806761382,0
32,33784.05008600154,681,0.009054161580370979,13585.566397401872,0
49,59239.034104163955,526,0.5894539894846972,11904.636317413957,0
49,58896.51886952575,775,0.6132916848873791,14842.438377884886,0
41,45356.803410290144,776,0.6376882468959355,16373.709513731725,0
58,54891.99533363177,564,0.2420220799808772,20344.79767637569,0
69,31233.296354220456,671,0.7140527233781268,15455.941369218912,0
66,63860.40528810352,785,0.0913914863317764,12190.268761524492,1
66,47226.46795335517,733,0.1992703364668008,20073.22693219706,1
69,42159.154692214404,510,0.8774700466544819,10911.422621349346,0
29,65735.13838755334,676,0.7387231507265664,6836.986271563384,0
56,39434.84464185861,694,0.013745554011345251,21029.780089522712,0
19,28873.080554546606,749,0.2483762603698002,20709.26622405486,0
20,26650.562397141442,663,0.21440648299316456,11038.50803897947,0
66,59090.14927018459,756,0.2708063280369726,13004.505730895373,1
54,30793.559712555754,525,0.2475597702798864,10415.362273350353,0
66,76321.91272976546,430,0.06252629574284574,16633.12108782567,0
34,18771.058881744168,775,0.45894051659682034,23660.24645684041,0
66,75446.84552435057,576,0.7327334747861651,18514.40899297561,0
19,53165.26200803927,455,0.6067317247174364,20178.62321291516,0
19,48549.30332194411,517,0.6728716685980798,19098.64165845506,0
45,41826.21369786575,489,0.08114917853623915,14999.404257204533,0
40,55987.04171528106,716,0.9514907101767872,20416.702189556578,0
54,49435.47946362727,845,0.8384918338430248,18725.152814563997,0
49,66549.52823024782,340,0.8050903184956627,22197.22857576568,0
50,51713.41472993059,606,0.8229838050417675,12702.255294191218,0
18,52254.52642192817,637,0.9327105081327614,6309.441802273066,0
36,44545.81681679216,613,0.5442539661136977,20226.25507436539,0
19,49145.81564418399,374,0.2002820178676259,16748.84760303029,0
61,54617.026533380886,578,0.6167836078525412,13519.76949839382,0
43,24347.474110150615,475,0.742881493667939,13799.235938462543,0
49,29777.218668414305,572,0.7379173933540254,27773.43162951058,0
23,61148.96141034072,588,0.5214490241668801,11789.026737328644,0
49,52562.981571919125,571,0.06845871933357806,10733.483465868334,0
21,47240.24995470981,365,0.3711129384301278,15426.421167466759,0
28,50276.5089959809,782,0.9207666084633573,20902.454389864804,0
34,55213.72558042507,547,0.584448909757426,26392.00993264614,0
55,41903.60479535958,455,0.5383319432557134,18286.824816947854,0
41,38325.42911896531,346,0.2688535143821935,8647.95628010285,0
22,52937.67882646522,753,0.3684489199165789,24854.321353588995,1
69,35324.40833577452,500,0.8953460891531693,14902.656504614515,0
51,56123.79133571708,423,0.6664630475268357,10811.452840525151,0
23,24461.245936432395,300,0.7873870267523329,9603.037714503229,0
39,65437.33455988466,490,0.45434542306765513,19181.64359667728,0
28,57088.96223619564,815,0.6302472194561579,16194.14693093207,0
65,53840.44601470813,741,0.24838360874320753,16725.376884729252,1
33,64740.36475918271,442,0.7054608302834863,21432.515595359655,0
50,74982.11666693864,490,0.4276013337033373,10989.22704245178,0
26,65215.55097527196,832,0.4425455148147456,21830.77314136824,0
23,22386.88653002532,526,0.6493223245768817,12404.213386031548,0
33,30806.345498964478,612,0.9362806214689267,25820.03686956178,0
46,40627.72133456482,601,0.06400634660862092,17993.6950799657,1
20,50391.36575316251,759,0.8247432373470076,10398.807351118114,0
37,57764.88530703685,700,0.2923831104121931,4872.909583397603,1
53,39113.84280269802,692,0.4439194545063778,19044.623611395058,0
36,52801.50146715617,506,0.021913328775008956,13129.098620049082,0
43,38669.256014700164,509,0.30104607783431303,14222.171527390823,0
20,40827.23295512078,414,0.5026312426301305,18830.980045870536,0
36,28900.083547276667,550,0.05617607734743901,20052.06913125328,0
37,36151.50130833643,518,0.49109572938316515,21118.551703346453,0
49,29724.730915754997,706,0.9271106288584273,9125.793458085318,0
24,35361.90120534001,742,0.10539321810780522,22129.473748122946,0
69,65804.62694911759,653,0.7644407280755043,12104.773319159252,0
58,35759.01666752085,849,0.40967105337599263,3718.7503262588652,0
50,89485.73097256086,441,0.655173714524338,9107.79826569977,0
57,57399.76851321334,800,0.26023659798522936,16090.125460662824,1
56,52772.54185542311,846,0.1594922625413583,10105.928769594302,1
35,37124.6332972818,841,0.16046261427122643,14559.777654119782,0
57,60504.64819113487,806,0.07049194564314465,16691.26243764589,1
18,41365.43260643339,580,0.18564670490124302,14093.07298445357,0
28,51830.147219680424,723,0.6642193849889683,12528.228310716415,0
45,88401.26807403192,569,0.881690611843508,8746.519685058869,0
42,48559.10150413025,453,0.8141256855911618,15109.719041076662,0
67,67239.09989428514,382,0.6851343098744841,4675.213062076324,0
40,39452.35362311169,725,0.11043186341110267,11570.009791402894,0
48,49475.17264254557,574,0.28918744629594983,10361.079454696195,0
47,76562.00953453264,583,0.309806875322469,13803.115742455426,0
59,40595.494133183485,472,0.24995694639762123,13933.351003453654,0
52,77186.72836995393,626,0.5150056597097231,19799.783372168728,0
24,60616.279031832135,362,0.5355538148796726,22917.386386248,0
33,41562.99836158598,372,0.3568859751711102,9411.105798815148,0
43,59486.116085832815,674,0.353789158736436,24964.163126350148,1
65,64588.316744400945,807,0.8285555979060814,11103.522002392841,0
69,59327.149433257946,697,0.7892928483196856,15862.63391461545,0
66,26446.629201643154,419,0.30779583168074565,17554.31494574159,0
19,39092.94236262697,736,0.9137884438732593,27222.913762912533,0
18,46287.22046672743,764,0.952815017002506,12288.588311186679,0
65,48883.498563499306,585,0.32674254203004083,6016.3099351097335,0
29,59310.08146326017,564,0.35442494879305486,22451.897350964908,0
22,52665.51501399881,619,0.5056341534219588,10833.132206022827,0
54,29969.83461934848,675,0.9411208125336735,13192.057097122037,0
49,55702.967765089445,388,0.8763194331423115,9411.251730369124,0
26,59158.786179257346,502,0.1025679625835898,13206.481134755406,0
58,58396.856718965595,633,0.3927307432714162,10798.042318972795,1
52,66211.71088331932,521,0.5533711897497718,18382.209082473855,0
36,62508.83231823356,340,0.50313247255154,15403.958148609896,0
65,56887.70118842655,367,0.19386306793689267,11594.724196926605,0
33,48947.51432812029,813,0.8588167711681547,19979.359883294637,0
20,25085.58599726013,426,0.6769407829968374,16274.983753372993,0
37,56444.273286988784,554,0.8379083748518036,5769.758747779722,0
41,53115.31530744667,315,0.8587642793494722,19598.51657042151,0
50,54073.6825579306,776,0.7483558536657398,15924.339419263173,0
41,30848.77136269536,361,0.43921060124971734,21953.66243795771,0
69,33784.151893876064,731,0.6105467550154245,15619.587131713224,0
28,65797.29279999355,567,0.16036540611974315,11041.453247162026,0
66,49406.672692150176,334,0.6736454174749077,13978.523333490815,0
25,60222.510460589365,793,0.17925325573928075,19019.596654403602,1
53,50424.77564195692,768,0.6939495905101568,11146.314701495688,0
55,50446.34209243618,624,0.22959816075396866,12798.516064462208,1
57,64074.25708963996,603,0.11755130015021997,13891.557100004664,1
37,42259.32907673939,575,0.16528449014295743,9253.141948920635,0
52,51441.811654114754,500,0.001992135219070268,11218.382876857127,0
65,43065.87066942436,744,0.7187396178535302,15862.750959020952,0
42,43482.55658851527,623,0.7324010490583791,21012.388738265043,0
52,45362.41814797041,334,0.5149333499132595,16585.734923552376,0
42,53332.00657450569,781,0.1613628010553837,14770.693703154891,1
46,42818.77067504784,779,0.08355433751068975,10843.646130238445,1
35,68836.34188360281,364,0.01912896643728701,20475.80205860116,0
63,36580.89046670744,307,0.1657481769652207,17167.527499734213,0
35,47196.92533757961,600,0.8908555349831467,11466.351182403803,0
19,43404.034125887374,642,0.24153684170168177,19493.242293424504,1
52,71704.668265306,730,0.35427132721721566,17797.885307552337,1
33,52948.32164767362,723,0.10534548448133318,10932.34825316882,1
58,65477.66809202952,631,0.22236130474817029,14493.108718679,1
53,27716.59440444542,737,0.5192245707802051,12536.136358785316,0
50,54005.75398803888,473,0.6077526830956526,28167.689700158026,0
21,63344.46193435155,826,0.24535231416621106,17658.724415628294,1
50,51234.259839131366,325,0.05773215922511721,15933.810274241201,0
31,65982.20562598026,705,0.39103286912739865,17363.315280383566,1
38,42240.673248494415,531,0.23420337092633414,21895.81294098749,0
65,71140.2116027837,832,0.21955392322980194,14583.099277807672,1
37,84483.47185428876,849,0.9598628027134553,12050.453510671217,0
25,44557.42159340512,804,0.6163004859257241,19221.41614048709,0
24,43317.462178988426,478,0.5568784431720959,14125.27716999344,0
20,71800.7671567655,431,0.4157751035233219,9650.523354597484,0
34,73693.58218596068,754,0.42894433343014426,8676.567841219708,0
50,42157.09959270098,647,0.5409050038380808,22646.482754197667,0
65,43697.19774356214,839,0.6964298070361072,15658.222834596423,0
29,45773.230867092396,705,0.7021460961818294,12052.163080037993,0
68,29833.242334485843,375,0.17169390770544957,13828.325444789682,0
39,36220.22080273703,791,0.500112752076627,19037.223590041758,0
39,34937.88849871898,493,0.41195809503410197,13532.972420789774,0
63,38483.03652343807,461,0.8705269662693842,7752.901354112909,0
47,49479.72668919828,646,0.6314189212183764,16629.204260739625,0
55,53513.22098804781,660,0.5325040664159818,21041.739087867816,0
55,73257.50739221115,386,0.11539464217891737,20707.321589861254,0
62,35024.68938891814,561,0.6056378893234114,12203.350309313773,0
68,64764.83597714876,513,0.11720390568023342,21345.863282291895,0
25,46790.16733661736,561,0.33720657556575206,16064.749868358114,0
44,49258.044355213504,582,0.14284196481433187,21205.736719393633,0
44,60122.29238249906,766,0.6920736470243689,17868.435150012767,0
51,33159.16967656552,679,0.2062521138361526,7392.015786836652,0
38,55736.14619276076,661,0.391859373188026,23733.694687541734,1
47,52496.78312319584,748,0.8956747776187787,15258.919255994768,0
50,57386.76896012224,740,0.2043163833989703,17883.969119569087,1
45,54337.52965861727,392,0.5078050639587791,8279.77685764078,0
64,86829.50209866342,723,0.419271661166022,17526.632500390326,0
50,40433.900236230256,441,0.018124041045729733,20514.6386637133,0
22,42035.04567497274,590,0.7927581135728128,24676.60168299202,0
65,40652.89210362853,731,0.06904590631459973,22001.998973976413,1
36,41667.843212596184,348,0.4742550209769536,17771.123519730198,0
21,40439.19309040223,601,0.5606782949389499,7278.113233258069,0
52,67835.24796661327,489,0.6284264566145871,15661.363952487107,0
66,71307.56371984782,435,0.6886316293078756,12037.452173935348,0
34,41438.805593757854,703,0.2532723835227151,16174.889374081235,1
61,37514.66640343657,640,0.009978776658449373,8918.370836024505,0
45,57071.23334579606,617,0.723443662354912,13949.165461040493,0
47,41716.65433578543,662,0.5356565993475786,12414.084580969658,0
46,59493.97726633266,681,0.8361177032072488,12259.168220153768,0
63,53043.845312769496,532,0.8213883629006943,12308.819070044228,0
23,27263.838275041522,643,0.8433261677878832,14320.726418058777,0
52,73212.57801995092,848,0.48509465997954015,16430.97379524011,0
58,76938.16509643283,828,0.33362839583686565,2507.532060642745,1
54,40808.16964273421,482,0.79155820259137,3117.835718310682,0
41,44184.47660096024,340,0.45129411302925493,13306.543300390624,0
46,54287.98086087358,696,0.1834421964034345,14011.154776471929,1
66,55016.851849805375,793,0.8549740195614743,15945.556083019703,0
63,59878.164090092454,632,0.8825598767723473,11361.63822571888,0
48,80153.06808149524,426,0.4663097561401701,15047.325970113408,0
52,47345.79158758926,300,0.07569972730978747,15632.616025090276,0
50,38025.541331923196,467,0.38782608991693124,11327.209515672643,0
69,29310.21157978209,318,0.8035376594626034,20067.279108705505,0
38,39036.04940087121,631,0.9017740285462287,15884.931557275304,0
49,49503.095406893044,755,0.20347274249759584,17734.80547731645,1
40,76918.36795276681,408,0.06697361202527152,15344.228656419264,0
50,42235.830514457426,567,0.8773504531328387,25518.3655153086,0
20,53356.819274583475,744,0.3894049389788753,17981.98534558827,1
35,49753.65655890872,539,0.5417609642675633,12560.033418963874,0
42,67825.89910172127,600,0.9680658120507589,19104.834421842002,0
59,87903.98638810433,402,0.06656472791422285,6811.975412716641,0
48,42036.96840619519,549,0.6483180074520956,15598.001313335522,0
20,42658.40836222667,752,0.07410542257486707,16595.801450459952,1
57,65662.41315603608,819,0.3754689284665004,15655.103810393492,1
63,60228.37234439467,452,0.8038145451934468,13331.105645805563,0
41,77700.6098860405,473,0.4334722327556344,9938.633215814923,0
67,58758.92277988946,642,0.9971823539029504,11053.264939745188,0
49,44610.61863819411,730,0.5590592849466022,15510.374581236918,0
64,58859.82246038464,623,0.3211621526359535,9432.403837860038,1
39,66630.55370874362,719,0.22011132590475313,23850.838078236364,1
40,62307.23271796046,784,0.3505205342861618,1795.5116032814694,1
19,57609.11046660947,711,0.3725332737595508,13382.810662276981,1
44,66000.1203438373,383,0.06871367772396098,15551.948195538485,0
59,67539.4338566851,412,0.36957419942677316,17537.104639166442,0
19,70732.38486556291,631,0.4642385197392249,10420.376363687865,0
43,59730.64831384464,677,0.7227377522388047,20671.47396944106,0
34,47493.22879524718,340,0.656729484721608,8030.844780935386,0
57,52200.705296499844,404,0.7087656552291542,12169.35705696216,0
50,68097.63449762535,501,0.008363681876857099,18103.73777639712,0
26,37745.964935191456,749,0.21766739958053605,20200.94282396376,0
60,55530.099633093516,565,0.6616842883998565,7979.993518094511,0
65,44099.91781508959,509,0.48398936817974714,28225.183952075793,0
56,50431.17234402226,417,0.005313475668345946,10512.54218416395,0
46,69176.77793910948,676,0.8044946424318223,8439.087612361087,0
59,52866.48602029855,839,0.7728095732903374,17513.574458866286,0
43,50696.54822234223,383,0.5484191629935626,13258.532732092714,0
52,29602.15788530121,753,0.06646332577627212,12519.73843730128,0
67,61193.80349040831,813,0.7665150495325846,17978.2202878486,0
42,59682.26271711613,686,0.583713587731364,7363.521547860954,0
41,82448.8208495819,649,0.7819599771579592,6489.328000126488,0
30,45383.32647570499,595,0.7517469923958404,12012.88317428386,0
24,53287.254914959085,557,0.8030020719578371,20389.508697266625,0
53,53740.75525566133,380,0.5180080664046248,12229.723532936081,0
62,73661.79919645212,567,0.140324518193515,22995.78342264307,0
37,48570.567014195716,718,0.6711574733796887,21005.07380585945,0
18,54185.32288655509,534,0.6204737850519706,16414.730922537423,0
25,59118.44764574809,610,0.7422531871990872,16698.619296873785,0
63,52799.13684734537,656,0.1698810060507353,16410.01312508428,1
33,43303.49578174208,512,0.19497519990028922,15798.5886434105,0
31,52911.34989347462,348,0.8904095172193285,13168.791512609103,0
29,66104.47624789659,426,0.7499777984520708,13749.060833964186,0
68,34602.270508834095,522,0.9082284887003229,9650.19921703709,0
40,51994.54511220314,578,0.7587153211639207,3949.7860535491,0
32,39498.1877759124,707,0.5971553059903019,20520.353046410248,0
45,67925.69943387264,804,0.6541327370278737,15786.29218392649,0
51,27152.19642824338,593,0.88912792394001,15031.05677810893,0
19,41616.17229092617,576,0.5788067545119405,16992.245614289397,0
49,55658.17812596781,737,0.6323913243283874,10858.012726031755,0
40,73482.86043851511,406,0.15647671600360058,9994.688933077836,0
39,49013.746083905186,719,0.4739212201161027,13581.576531609237,0
68,41672.00709960202,728,0.716397111958099,21840.492408819064,0
42,78217.35604160884,674,0.2709426983163654,9156.294857534369,1
39,28279.79149375634,372,0.20225418052453492,1864.6732159591702,0
39,17017.910650698774,329,0.31382680822441555,12392.994540906237,0
66,56600.216750799984,487,0.24150062799283345,20713.499581175914,0
69,42469.18663471083,663,0.21491263703639585,6337.279878228232,1
59,34681.5077430393,750,0.42485084286808694,9098.581980885641,0
23,60625.3467094903,494,0.9078385138835341,16317.733702890844,0
32,53657.010706567984,455,0.5070596467387183,27849.535177376674,0
60,41538.820538949076,471,0.18792038081532303,8208.941657369021,0
54,30795.434019936583,340,0.07697166938087407,8015.329542660204,0
50,63086.859924202174,362,0.6961561451379252,16693.491844195927,0
25,59753.017669379915,322,0.38279876443638783,21023.372199968522,0
61,48512.36204330926,659,0.8218309465853593,11879.506438371449,0
61,77699.554940715,374,0.6595107686407702,6893.0292193891555,0
22,33948.72850510771,417,0.7962414505413685,17168.74610443173,0
56,27117.122436128917,679,0.27194603941844875,18074.206986514866,0
21,39621.378951781335,589,0.6923589224610581,23893.275632691242,0
23,49316.209754667536,739,0.2640619846937188,18284.735561621394,1
62,53650.091739840376,306,0.9390684794502916,19140.330381861895,0
49,46381.459132155054,495,0.6363742815333744,13689.274280660471,0
69,55280.83094771445,720,0.3245118001753421,27207.52171084734,1
47,31226.90863714334,492,0.26951186229227264,13009.28994705765,0
64,71656.46906109889,447,0.1909265850716435,11940.38939294115,0
52,48767.732324111465,501,0.6946409588937278,24047.57459259303,0
57,66759.43747382192,743,0.2187156129979273,7628.813605522951,1
69,55140.88019566556,718,0.5953032659274891,5762.958077360425,0
33,56851.29828730676,726,0.26463502692535734,15597.784622992423,1
30,58546.50920348306,778,0.6619689447938686,14991.317383621523,0
67,56715.628400259724,774,0.8149397285405392,13860.56009224669,0
59,59640.84139801316,425,0.7780252431446532,19969.64878560826,0
47,69937.28795198648,694,0.7608513309307817,10458.969088557147,0
36,52947.817545522055,624,0.18772240569225207,15320.83562812337,1
34,60635.05636382769,691,0.08838494698451871,13199.470236809066,1
36,48653.964585691596,739,0.6989488284873856,10543.907499466246,0
45,71601.75823174209,503,0.3683472137943513,14690.799580196583,0
43,39854.115469110955,785,0.4323462264033473,19262.979016475514,0
54,77014.10649366223,330,0.031149092793391064,25602.840602152508,0
43,49397.63074033485,687,0.2595764492750492,17897.094914494846,1
40,28538.373468229278,733,0.03367640387446402,2445.8249929927424,0
26,51921.56622366184,675,0.8791857726012476,14809.299572791755,0
29,39784.22513787678,643,0.24339668321853047,15249.013954514163,0
18,62609.65323483086,742,0.557337169573008,19681.045047899748,0
18,40210.640310464136,374,0.03897932066113041,15924.051512448696,0
64,43307.248501778304,454,0.6668473913056581,21265.444586510384,0
51,21656.889035817036,729,0.32302734575409386,16958.353078076358,0
49,43215.405211263846,662,0.8979191869576658,22793.990347489445,0
65,13641.81010056565,747,0.8881181889340358,12806.270399758532,0
42,26241.45764771415,533,0.3252906183617478,15721.717336483469,0
57,61406.21984216446,561,0.9009608956904679,19133.20767694948,0
62,61787.00237976248,424,0.9961576734987788,12139.029648532782,0
18,56381.86342677447,544,0.8254156641239481,11049.93598959462,0
33,35495.3578530618,841,0.844871347755229,11853.239501566575,0
56,49284.3296578703,784,0.2490087361090899,11253.921914555387,1
22,49945.96191364148,421,0.5767023988577563,17612.809604376635,0
39,32624.529662111858,424,0.06725591396736785,5825.959851827221,0
46,72550.97452650726,848,0.09491793682166971,7220.1498684104645,1
20,63160.43435863507,469,0.9988926120332906,24313.732461786312,0
29,46685.53739255504,423,0.32663924942591094,11374.516395129112,0
43,50403.28758491796,334,0.7481839120488464,16000.07425585874,0
33,53125.74211921329,386,0.8066650530268165,7554.267910504359,0
68,19373.97697363564,500,0.8580232710072292,15470.621338946381,0
54,46292.339262191046,668,0.9976282974021565,11404.96666159298,0
39,39770.23628003302,376,0.24149648525686784,7184.552509197929,0
46,34975.69985157627,358,0.04035082685969971,21684.602187823566,0
31,45783.495606710676,730,0.411191517994586,20912.82863530436,0
45,76965.29790274284,799,0.13008066982894695,14463.226046429918,1
22,59612.64291900515,408,0.022425889162055124,19997.095163389557,0
64,41432.31515325805,577,0.3604268271414861,24516.4634386358,0
66,58588.74172034238,367,0.7837382510752364,18770.379665790446,0
47,70990.33154879004,368,0.5661806912250709,17398.398697549816,0
63,63869.50524369153,464,0.31277798921035405,15994.748482416548,0
69,50894.45554880261,788,0.6543420054927197,18247.486824296197,0
22,40295.94833441639,604,0.23201818030881072,13180.403032551818,1
29,60473.34970420385,664,0.014381446072085025,13616.820654192767,1
33,55902.28078132625,678,0.7643533864364274,17254.456876062573,0
43,63427.89830041598,642,0.6237430848640091,12630.675649202356,0
43,59527.57702522954,653,0.76230262450096,13171.001636032488,0
65,65743.29072979002,715,0.03893801668766561,15000.933323174866,1
38,41971.47182659148,408,0.8371196278306522,20753.037752965345,0
56,69760.91098451489,796,0.6195262000363033,9336.681232201761,0
53,52963.994070386,640,0.5633953507126401,18795.892513526305,0
50,81128.91308937898,682,0.6246140481145316,18958.982064017353,0
47,39662.18272865648,832,0.8644332468683641,18929.060046484046,0
54,76039.45704747873,599,0.5869365065589071,10966.268098952556,0
40,52968.66175193972,438,0.5809503798881793,6536.5919224453155,0
27,40228.72994578327,658,0.9906791570657658,17798.502362057112,0
22,42741.71248918518,798,0.756730167068568,15937.69392206981,0
53,45194.7903770852,684,0.4422938054511353,20021.883173815662,0
51,56362.48919602875,579,0.7073970000329277,11497.315859952309,0
69,57842.5323205325,782,0.3892304716917885,18800.591881281805,1
48,41394.49994092131,410,0.228875462483499,20272.060561097056,0
27,49634.68111608526,438,0.5968518768877594,14523.451394753247,0
36,82134.05537917795,734,0.9281820981139515,17084.647516324083,0
49,75913.14755151067,808,0.9291395200154627,16909.832287620477,0
18,56544.85504511048,572,0.3419052781054903,10892.65235485175,0
22,50570.05217252301,398,0.527677466221695,17655.48301142304,0
62,51800.46990077392,403,0.2116358985698612,23112.491704505068,0
21,59202.769590956246,513,0.9956311094988834,15111.019672713182,0
33,34658.111522023915,464,0.9811179078679357,7695.375306741713,0
41,46139.35193864982,819,0.6495089297074473,11563.86734542995,0
33,24971.238891836158,583,0.8044140596774734,6102.852755741862,0
19,55988.34683907919,816,0.7151001612837,21451.30564523032,0
66,59707.939095541115,463,0.5931582190394682,18820.526481640474,0
45,42752.20306550939,363,0.053347996988897695,12493.153641660909,0
49,73609.80144935049,390,0.45476434255266107,7909.700390155317,0
44,31613.515054964882,416,0.6747863021674105,10833.525208787549,0
37,28034.376796852695,566,0.6775316138836847,11808.615171514262,0
41,53366.77727839958,439,0.3731226184223836,15547.037995100292,0
29,65706.47453918232,545,0.9416919866580306,15378.796715991899,0
67,75258.91537186803,694,0.167357032236781,21707.159876868514,1
52,43116.7360569659,786,0.5003594462155606,11536.225711509787,0
50,66180.21250146943,775,0.6908839765508228,7459.060728230356,0
50,49422.372957489395,816,0.6971358058918092,9215.10762428854,0
68,47410.59050088771,483,0.6486389567688156,14884.875727767496,0
60,63254.89906230009,319,0.27528821345186016,11356.609665271046,0
54,59784.84317620129,823,0.15620656868662197,13539.95727243487,1
29,26354.11764523626,828,0.6359403268267109,12729.832098402781,0
20,72148.10524588844,446,0.5993021161394377,19951.192268525912,0
18,70701.37031221177,603,0.17935601028924097,12065.171564538388,1
50,40616.55947735706,527,0.7051391455705633,13113.28961526095,0
57,55937.05300156114,401,0.4551719917336564,18586.417905793878,0
27,57410.45279424108,716,0.6677605916031529,12175.090444839621,0
60,53910.10648735861,515,0.8373670797701507,17116.06187228509,0
61,41745.422692318694,706,0.16972842857692316,16657.426310108793,1
46,39925.64948092923,698,0.01914486799683668,15708.829294805397,0
30,49616.688935128324,798,0.7791025863957868,9328.018086467551,0
29,67590.93528889047,764,0.6096974251526159,21148.871122609686,0
48,58154.002318916486,381,0.6996395696221217,26103.41898291557,0
63,44440.78501870841,664,0.8381549749886426,15044.140691336974,0
19,61575.48065972517,462,0.8028109348245005,9768.225633148124,0
68,7271.8606905488705,347,0.9609201469288247,15145.513541625112,0
67,67231.48550558156,810,0.5359350788521182,19949.300702929995,0
52,23904.293318328506,628,0.48849563265990537,11924.061621421964,0
40,44563.38587895302,415,0.4018871998907301,14355.504079409051,0
34,33204.95158060784,636,0.15369104284420454,16703.270682060705,0
43,30579.777864186413,446,0.5726072328820224,21015.239261029623,0
25,67412.4018106778,622,0.2770125243259788,18877.118665446873,1
46,42984.48198032163,742,0.9213075122129755,19084.33984766131,0
43,55197.55822596073,312,0.5831908042770976,12868.657216617874,0
27,49296.19131681224,793,0.5928401805081102,17009.594775869613,0
43,57155.612408346824,586,0.35492466087701,11390.183364374354,0
51,51152.32836590383,413,0.05198935197770749,19227.630499426057,0
68,30755.116637171457,779,0.03174376537298862,20756.098203928068,0
58,64944.002291707104,321,0.4233351441531975,17766.817843863115,0
24,42593.65125258031,648,0.08456537809723785,13162.947066025923,1
21,26651.271520103735,619,0.6068469555401391,13981.364359792009,0
67,43578.27258551131,425,0.8809730056396574,24032.58105331005,0
62,72511.39685951466,576,0.8829148165187222,13246.44777688252,0
28,62753.32613170239,503,0.6590454101322324,20249.97083725284,0
46,44770.21798388211,493,0.211231831472931,16694.457991092608,0
53,44761.13443522357,846,0.8629968313588721,13329.317757700786,0
42,45175.47423173926,585,0.8860934353132082,8276.754862652873,0
38,81151.21975341262,356,0.1966535849529587,16058.001902942535,0
53,55729.0317834733,602,0.7374260857706773,15455.504333030613,0
27,56450.624707866045,462,0.28651954892712295,24032.67335729667,0
54,65454.25181047763,318,0.8026403123529297,10699.036522887509,0
26,53581.8373853977,669,0.9972378999036027,26473.84295773892,0
41,46114.36781268945,563,0.030026005329392813,16894.052647482968,0
52,47054.75226372533,412,0.8973658657909319,16889.146106110788,0
66,48925.98110878904,787,0.622630533598658,12034.63932783885,0
52,49441.66645235238,626,0.9733826191648212,16573.531537772342,0
65,60914.4431545547,841,0.4650095175264276,17365.254641166066,0
53,50779.18828710949,364,0.8473879305713737,19686.636459104386,0
35,60989.60115823369,591,0.06239406859827723,10108.388962040284,0
66,48789.251298371266,324,0.3352790500782957,22033.904278940194,0
56,51179.52785474136,848,0.06701653775120997,16807.077618859897,1
49,20026.989732018385,300,0.9753431334790705,18041.14447653656,0
41,63744.91512053722,848,0.8169739072718367,13895.288692476197,0
40,55197.32713846989,440,0.8525474212459705,10359.286808604747,0
49,64970.15164789478,487,0.9379652314338942,15363.623137016437,0
54,6556.1693270946635,427,0.08510348611978535,15936.477749116091,0
29,81325.62057171091,500,0.38559759251333336,8072.858659427547,0
66,47906.15557767239,426,0.07103488904400213,18966.427025825626,0
30,66622.74225106275,556,0.21079310155002862,19982.623169482904,0
40,34401.411093117036,846,0.22936577703767236,11351.676880894367,0
42,59191.608575938546,493,0.4691072110475787,9887.073248639543,0
52,34198.76655239516,403,0.2685621674536426,13485.193115628495,0
58,40643.465589562926,834,0.10097810681776109,15119.475484931498,1
47,78710.4703080018,564,0.1674910890941077,13679.14495042333,0
34,47139.7639885498,683,0.14727556355209093,14695.410836146084,1
66,53261.49309769584,559,0.9730767979122983,16107.388488379582,0
37,63051.015960331315,713,0.7592925069184736,8158.655306371855,0
65,57435.22831958907,657,0.967761465269562,8733.521863483675,0
42,52256.28357715365,374,0.43974048650790853,1388.6112953842767,0
39,55474.41503699338,654,0.2783684816626566,19712.72614226736,1
30,86051.23377857413,487,0.7982931972091867,15076.135103087247,0
36,49135.71804449622,589,0.3262539180411468,20239.255657325783,0
66,53016.485700724515,344,0.2993833737053483,9311.310020943038,0
53,65759.81594011417,382,0.2325059922078312,15122.036697665812,0
29,66582.88899436976,422,0.12967897822423535,16074.132530583007,0
58,67805.4545834057,657,0.25646306101676597,12191.087525849925,1
36,59580.95333043777,827,0.3553197484738877,7232.861007666036,1
29,32854.92630904275,365,0.6739942081457304,23729.356680675784,0
26,74501.47298451644,674,0.06256484221945158,21996.416706350254,1
24,32804.81910471968,461,0.21050693966534295,13090.338641373177,0
45,54539.531978585495,679,0.8090236402916764,17551.138225848037,0
31,38685.86224970963,657,0.14692192358377076,12576.046618215534,0
48,49037.92480110511,487,0.34264514652252154,10022.981984876264,0
69,54931.436154552204,621,0.8646589218581401,24136.30752478507,0
36,54820.35823175409,749,0.15492531114344266,6723.155592970992,1
64,56328.81131352927,773,0.0827368356181899,13572.481515144425,1
33,74205.6690358797,312,0.48453799508001083,15421.61913621117,0
22,56803.014522709695,483,0.3024195112785364,23256.18289343643,0
52,46337.65047064027,410,0.5634083644838541,19482.94327118009,0
29,64461.307524325355,807,0.8038048904834751,6638.751127163407,0
42,67842.05733386961,589,0.13714848815274316,14986.24879482909,0
69,31585.88277294511,594,0.580699084554285,15105.300991821798,0
38,58961.00104774787,750,0.5055087603898639,13858.30832350279,0
53,60517.591134663475,514,0.14407878601319957,18099.045537651506,0
40,45536.54744960012,326,0.6239984855289824,7954.465361220115,0
33,70635.6021996743,530,0.27364041786077165,12956.82043731665,0
56,47749.1661945121,620,0.4878343185440125,17394.093741065375,0
62,51883.64680207313,532,0.08227232427706188,18397.878425803206,0
59,47403.922635741954,736,0.45958405721362305,15747.097367545985,0
56,50233.685713722014,832,0.3064634680428203,13558.038998498505,1
31,33555.87369657197,702,0.8223812111853543,14400.293631867637,0
48,28399.236761085584,352,0.05697872699736828,18702.035611886186,0
22,73917.57594837458,612,0.41860727491832994,15169.5039206273,0
52,37295.57977522508,580,0.458431424131438,9790.762272797358,0
40,35129.114758155396,330,0.7250060762991187,8832.512080275483,0
46,17699.148295944276,636,0.574287575090211,7551.812892819454,0
60,40415.57378465746,482,0.667212337194181,22277.90409244677,0
28,30153.653098887524,322,0.7770492856517561,19037.309178062224,0
35,74630.22740204554,843,0.8622029736581888,14467.560584097264,0
64,65147.25634013952,745,0.3138754967224705,12731.037574179581,1
29,39677.74482233414,373,0.538022705363903,12130.349960163212,0
26,83786.53708016463,309,0.8401080784391999,20466.18553791105,0
27,64726.48230487391,783,0.9894511309650564,24522.167540873706,0
61,45127.529247370665,755,0.8895193110437631,11973.035380362304,0
34,12508.914276896401,459,0.3714672626243768,20692.077603278547,0
55,84364.13858886113,313,0.19516651721865041,15140.064576794446,0
24,29156.41299854606,477,0.4893925374065887,13937.855350447668,0
63,25319.01879564662,711,0.7416414518360422,22521.071414149617,0
30,65338.5564801446,352,0.4925690707532976,14949.171396286116,0
57,86596.28609508909,707,0.4831808633136685,16481.82219627318,0
59,70764.09227765776,321,0.8382304210818006,16241.369664557229,0
26,58458.636800785396,329,0.36140377906718635,6872.0031667027415,0
67,58921.315124979286,559,0.8597946748116456,16442.05574358031,0
44,62801.23338170462,504,0.40680480095172356,12186.539877798836,0
19,61383.92884680148,358,0.3282331056783394,7894.234299271894,0
22,54217.87135954064,770,0.453989911199699,12414.314597756187,0
46,51563.01655927814,765,0.7624469586748684,12373.05565181527,0
54,49061.103081507164,311,0.12600202786399428,20149.412695651656,0
55,38690.531166999855,589,0.19641921587201738,9681.05191948984,0
36,45789.87384699839,653,0.951444825663092,11050.762804753727,0
25,24605.647787069218,374,0.17549162738135737,16176.941302740062,0
65,48524.90559807875,740,0.5677273179310546,8371.031143228762,0
62,35171.133392736236,540,0.5793144666619379,11704.966208838332,0
18,33446.160241763435,453,0.4896244620502448,6677.616323333888,0
39,52698.41226730218,395,0.6447452485768186,19600.05730002698,0
69,70880.034295169,593,0.22982672579761843,13493.184397799072,0
34,63774.7490900347,508,0.5526622677767482,14920.410774988788,0
24,26442.490945652346,642,0.37217325524689715,19580.05159895545,0
42,35155.57795144494,387,0.661667259629189,11388.655581730565,0
62,64111.567819823234,689,0.14122354337314946,13440.06495675998,1
21,35262.68909692536,624,0.5708774168394762,9718.360003471293,0
53,46630.50275004463,456,0.1852703553833237,9707.481395020939,0
23,58250.78148536828,436,0.2786430631150364,10397.085529970605,0
48,35474.83317704547,727,0.21870980032358323,12537.548045831672,0
36,51580.6325921894,751,0.1828377798688171,13076.022329134674,1
61,29989.617576226934,440,0.825710951560667,16443.1607544919,0
56,40979.48534073179,382,0.28570756766089034,10543.915259790501,0
44,54796.72901213806,476,0.9271237818644493,16598.163379587382,0
27,26105.09399702496,497,0.9699265253451909,17425.00645761614,0
43,56607.121069405985,720,0.5712604699370973,12660.88908583867,0
36,49705.433016099785,700,0.1430011226657264,10976.377137908094,1
56,58287.34931625721,770,0.37454824337958126,15425.39515989995,1
20,53358.712010969924,517,0.797732263348214,13985.412684947776,0
62,70462.10644960766,474,0.36739072869707046,16101.759146367727,0
30,51878.36753971861,322,0.08701721830278875,22849.332181299833,0
67,43558.91688312121,534,0.5567849109281879,15343.185242138577,0
45,51834.46254548425,312,0.8451208514960348,11803.84719359934,0
37,58149.470435545816,400,0.7959263871435024,10545.551940289708,0
45,50732.901054885566,835,0.17512314013035324,10738.991843392083,1
25,50608.87536805824,822,0.6727646144124667,7686.168464444396,0
58,39470.12468289867,751,0.2205042634356471,19663.718041727894,0
56,40056.48623673578,730,0.21820753455217223,3833.605903221178,1
18,28960.920923004596,832,0.8740717733051852,17440.52408859653,0
20,76243.65114780409,592,0.24966895274023015,10659.680466623846,0
30,31342.051469130725,400,0.2632473465180112,12437.973926879411,0
45,39606.42203306139,801,0.0006533907612995549,10510.061792278057,0
66,39223.89101646204,603,0.8706690341255177,22229.323298210154,0
42,63423.86565416662,839,0.7925948132091347,15081.578008428884,0
50,45575.75482561958,654,0.627328935090678,18951.892625214263,0
55,68716.131090106,602,0.7502657639388423,21502.63429298003,0
23,39897.640636341974,795,0.1520485674244918,15817.027370112019,0
61,54184.91243335703,526,0.45832359458757543,9021.881145723939,0
62,37469.794201103636,535,0.3512193873487809,13896.786249421139,0
49,82177.23691660083,754,0.09377652625701649,11288.759932168989,1
62,32186.02371455731,312,0.4861304852149241,12482.479190563505,0
64,54647.31065340541,509,0.9207396503426354,14526.881036753555,0
38,59506.65321398148,696,0.04005911905069448,14329.221789538678,1
33,56206.986461772474,399,0.2914609134937939,17060.545805101432,0
38,47220.68511683438,330,0.20754093620570346,17786.521468902432,0
28,48052.689503998605,827,0.23814665366569632,14329.274118667712,1
54,50657.17207968664,628,0.9084345518793753,17017.344590539586,0
53,47794.96997557267,465,0.4680690542342901,12253.200725322793,0
52,64458.18675192365,758,0.4662994129398188,21573.899127982517,0
36,83157.84502387026,399,0.7605756424552823,12172.443558911767,0
37,41637.623224882496,472,0.1544922040049258,20985.93242311214,0
35,29452.955306313834,461,0.4872653541000508,7619.664541141391,0
64,48675.76927473118,562,0.4299852141210597,13097.96371294577,0
58,88695.64006481477,573,0.5969106905466561,13345.109131931971,0
66,37944.88148045404,302,0.9995577032504386,16394.95897374237,0
31,74586.75208166102,327,0.7694488940820471,19309.08401609412,0
32,75165.51221114662,625,0.3978657030174272,8753.02398470236,1
48,41696.176374380084,448,0.827553052274047,9460.084789785462,0
18,58534.74618777913,839,0.17070836331248018,7990.45966141881,1
20,74425.94934692807,787,0.030463686308960125,21600.92098599209,1
33,44313.08388518769,737,0.20444837246427305,16488.02471398561,1
40,46946.29459846457,364,0.34041155611425966,9578.143957714386,0
28,41274.786290770346,655,0.5105807574595599,12784.525630219647,0
29,34778.649039607,832,0.6151291405411998,20908.80697830747,0
27,40260.83682400989,551,0.9106057172144217,13609.40384844381,0
49,31640.895998566153,534,0.5098540095504577,13314.059311044135,0
33,50511.25202388839,526,0.5012756446257294,11093.516465884708,0
25,38450.40153412038,824,0.05024300982298213,9875.038430906185,0
55,53506.788676861215,612,0.03491155265622381,20916.619052215785,1
29,26661.56530694559,348,0.5511599619163721,23369.5079437103,0
41,54963.20348321686,417,0.4381786132483445,10074.027986063262,0
45,62502.93442413387,353,0.8391803949802986,22024.7116460906,0
25,20093.96536142817,343,0.16067958471184518,12563.052918549474,0
45,55610.848547713584,352,0.024971662117049598,17668.239976844434,0
53,68415.03488709938,824,0.44903876793012587,22051.06902407204,0
43,31855.38471963192,401,0.23747855675225749,14274.61702148184,0
25,75088.58580256555,697,0.04961437333883745,13360.290398663205,1
67,56285.285140490676,437,0.724598286847629,19005.40481894093,0
45,39424.82216362387,686,0.11159299995724747,9450.235814818756,0
45,49163.46383513441,410,0.6083195000077717,20735.30688920215,0
54,58374.903687825834,316,0.28104975016688916,15714.046962212917,0
58,51140.080871186176,481,0.17349605035502202,12111.247459229116,0
53,58081.33988669554,835,0.37975152291931746,11979.161983420727,1
44,36189.89610380951,840,0.8014457762229537,8082.687440858171,0
34,52540.41236054117,470,0.3920935769045727,12319.139166880052,0
26,28794.282546425296,708,0.7507696492110557,13679.811190027995,0
50,48331.60907976949,677,0.1254862967991507,9693.532341442591,1
37,36441.38537802815,487,0.7727714196650791,14772.675119354977,0
30,38967.050861153504,529,0.23693332490664865,17364.58542262748,0
45,68541.39762815656,418,0.6773931298888728,13932.639320002905,0
65,66369.65180891403,455,0.5657815548409963,18313.629132596332,0
46,59137.071813607654,764,0.9291447172116873,10964.30008510332,0
30,33615.308529911315,403,0.38732251797531403,20016.9138210997,0
63,45253.87325457797,801,0.06616518883444045,15609.07352887429,1
52,68196.46549968775,474,0.019155485551252904,22726.285848773718,0
23,52125.753704598574,720,0.8268585609727531,27071.086561193664,0
35,84789.94309972541,433,0.5247356376614322,12648.782038483594,0
68,55899.76759091558,690,0.7752440518349493,12854.68061549271,0
22,52880.73674735047,800,0.2344256000115147,13768.789390256414,1
64,45363.25303696248,332,0.34508374551323373,17978.511250877575,0
42,52003.11357173423,354,0.03010387221131894,21629.84985237545,0
19,47712.952454291844,818,0.9614923245741122,11735.957579150983,0
27,60621.630150328856,311,0.6678679067008134,16906.221332390363,0
47,64350.53475191876,827,0.9332050877593062,14320.363550721164,0
67,38210.158092380756,672,0.2654964074290723,18090.54551270294,0
62,30031.50569663333,783,0.6114636112256608,22547.288467038452,0
22,22456.919403450553,527,0.6784999682926378,13798.358812834926,0
50,57619.86990368816,606,0.31754970025758844,6650.6616666313475,1
18,33449.50090739189,756,0.8481092350156301,18719.508384401466,0
35,17706.64110571276,459,0.9471614629002478,10836.473906972737,0
49,55828.67906796446,630,0.8848551176960043,14284.421315181111,0
64,87394.99276149186,524,0.7390669759393725,18935.154184358067,0
66,49908.9363269016,803,0.27746467972495403,16486.97426765554,1
28,62577.36161677463,755,0.28161604210563174,14491.399872234775,1
38,51227.440378213476,344,0.9633603204460379,12120.591437708395,0
43,48516.65520213286,513,0.010284495935692028,500.53109862500605,0
42,63786.14724481653,358,0.7160499732421445,18491.60407878101,0
39,45645.88183717023,494,0.7062461625552622,13735.24150387118,0
44,54010.88471107854,788,0.6226895409497974,22566.681391778628,0
66,54825.467092940205,456,0.9901088460868658,16990.140149809347,0
30,39978.64319535427,525,0.31187943576372523,12294.373137325787,0
50,64880.635243047844,711,0.3399718637932482,20334.3504418802,1
51,47375.60364956887,504,0.07893940294655555,20755.64702979095,0
58,38663.82260760733,378,0.44279813654373745,13904.84092823761,0
52,58047.64765355605,423,0.2610485262348481,20968.224327866137,0
18,36522.98027313444,770,0.3433867021776442,12223.459723069765,0
38,50422.717360536924,517,0.8345717902556277,15798.238847039514,0
65,49863.21505033695,815,0.9354845135274957,17857.041938593902,0
23,66288.43348747367,403,0.18573307200518563,18923.907920070946,0
45,57120.47349319929,692,0.37250893155346587,18107.60924307945,1
34,49624.595618822845,733,0.9286305621153941,13336.714097184138,0
22,62266.494488004304,630,0.06180846068922263,20468.488203457207,1
48,70853.1132352597,442,0.09236052811137851,14377.863384467908,0
22,58367.154595277934,839,0.16279098920622936,12154.863188624033,1
55,50155.28929765071,577,0.5952128341268748,12228.310163433345,0
20,30322.456514747606,532,0.15047227100599747,24699.941957381674,0
40,34023.29505386941,828,0.9680763814507335,11290.082859540276,0
54,45421.629434679984,389,0.44671452725852034,21458.176133802233,0
54,40857.31696761075,791,0.5015179603501664,9322.666520949151,0
27,47195.43045521831,498,0.2466586158054065,17439.527225370934,0
27,50849.74887345661,661,0.4709602524347335,16485.417257454174,0
36,57945.391315350964,740,0.6619136326370115,23106.13439863114,0
34,48942.518329113635,325,0.7511771369540428,11727.990524157425,0
38,57297.52465739303,324,0.753868082709913,10346.678910198065,0
31,50967.1162221518,693,0.5778911126940883,14417.44810826509,0
26,20368.00150469193,806,0.9043597749938572,23324.00914620226,0
63,35909.96909271869,600,0.8174078473061094,10579.20760028116,0
18,47838.686664175766,638,0.7570481146986254,2057.916838979001,0
68,31854.578857383385,566,0.05560552168046062,15298.839186866413,0
62,58998.93094994307,760,0.006877962219649314,19747.614589805045,1
30,72961.26248515546,755,0.21244727719547296,9930.970336800685,1
21,68281.42777545974,659,0.6635235939134523,19239.66086676632,0
18,46798.35693604688,367,0.4111974888825458,9820.445074937717,0
66,72360.89205274929,711,0.40240625929931173,14267.207321541606,0
57,52230.01185803167,790,0.8845868882296137,18763.411576430284,0
49,44943.71043322941,348,0.8955628481318387,9062.672991307807,0
51,40798.960046885906,401,0.9091752640535857,15907.566657537773,0
45,45462.95470267808,515,0.3138780765150273,21074.867556461184,0
48,44177.34772188157,737,0.6910558127392618,17369.670496056755,0
25,52556.243335632316,458,0.27163318127436964,11396.869712046162,0
56,52408.60971574797,788,0.19060983307444979,22593.59176358397,1
43,50045.69030230122,541,0.18463245734736922,18291.96255961245,0
51,56554.072546195246,304,0.34210762086359403,5697.760000378466,0
20,67859.69412179512,660,0.4299576197798217,19321.21807367113,0
67,64243.312031619855,758,0.8309491710550684,12143.128737913616,0
29,27726.53047325145,547,0.1198910934727121,15982.817738212321,0
18,11691.182976470678,721,0.7349258473948942,20040.0200214663,0
61,64014.79866858911,314,0.5314549141893053,12251.97707667583,0
22,29496.819523768685,421,0.2879453426759925,6772.036929790929,0
47,46628.518971609745,576,0.4928195845328246,22527.72595952914,0
47,32448.304609109608,752,0.29994206977702265,20822.91735600974,0
34,22970.293436299704,689,0.596081955238306,14563.719934085271,0
65,58121.94092307182,593,0.4338439228552442,19267.107257460575,0
64,61387.327404539705,745,0.16440552907887873,13153.066339681578,1
40,41352.34398909921,509,0.11658307455569672,15484.850883804249,0
32,11134.365617826348,601,0.5466956820721302,14278.5602868163,0
54,41806.33327621276,522,0.9024130332861034,13355.27957321349,0
38,55877.060081038195,302,0.34395768655768555,16796.512900428774,0
31,27816.32646838807,817,0.7330001072226232,8959.105881772059,0
19,52750.39879668733,392,0.658661354939767,13742.095846172104,0
28,49770.35226240507,819,0.931554914309481,16572.397362417025,0
68,58689.37249401632,727,0.8209810172991409,24190.50353980818,0
56,51793.705526212296,792,0.566605258905463,9162.32892343652,0
55,35403.96588677667,534,0.6570304982341073,17602.765288662136,0
51,67948.57252496737,460,0.8983864665840349,18150.743882139308,0
55,47622.05640459545,630,0.3995187845869348,5616.406346586316,1
67,49590.43190735102,632,0.32679470585777737,17052.66007204626,1
51,36000.98061390206,349,0.010811083635196339,19401.425394918904,0
35,43350.766232127346,822,0.8265510741914642,17943.263396912174,0
47,36727.95928959649,791,0.8009807004033649,14580.363725636624,0
32,47405.809101148654,571,0.10445451810015138,16666.200182612145,0
44,75675.62720213515,551,0.5768573811327002,15849.223486245151,0
68,29421.482856029656,389,0.4639816981668874,6552.713308424027,0
51,25796.579031848883,745,0.11870909550911146,15966.60162377233,0
69,72067.55491240413,631,0.9805682270607236,13164.647970091639,0
55,46860.14484272201,438,0.21469588746335544,11475.889145010085,0
50,39963.908920101254,656,0.06723418009056115,27424.849767933272,0
41,65598.57031094114,573,0.5948473795019096,21263.078598097785,0
32,40915.766903947035,318,0.7388666771330327,9249.139698428062,0
47,77390.14570320403,610,0.03244344604718696,16733.180982829195,1
59,60168.88807008904,453,0.6587176387270222,22290.126377821623,0
68,42681.32887781446,689,0.5322918759514544,7519.004229619991,0
34,82359.62319898256,559,0.10326500887504841,15384.91570703577,0
22,40914.27615494993,424,0.17252387694636206,15620.363628597468,0
46,61131.430580139604,653,0.5679742973160805,8627.535587504886,0
21,54489.38870609738,572,0.2963576135132884,16897.75152306115,0
27,69526.11934098197,544,0.9383157286513161,20581.231952590628,0
34,73422.66795090279,749,0.8187402294840508,22540.237957095767,0
27,50480.0622359865,546,0.983567206513663,13753.17949187027,0
34,38698.73194480725,819,0.259670838950414,27508.225175675565,0
37,56899.582144086744,440,0.969723632797977,4710.1662330162235,0
41,39834.26945371841,661,0.43123386979155787,16781.08354907231,0
22,80200.80871289935,307,0.3475187953137546,7938.528400350723,0
51,52048.02996624106,777,0.05034952696935324,15450.913187484497,1
23,44520.17673031837,651,0.05276525785960262,12390.466249474854,1
19,52770.204587973625,794,0.6920112559466547,17534.387281952808,0
30,29793.10565705455,726,0.4579289944340279,14365.59642948903,0
60,35425.789422340225,338,0.2265216260361057,10870.079109867418,0
60,68006.20861916638,486,0.6139703063252326,11198.545262180101,0
65,40146.58581542906,392,0.2528581182501112,24662.297487247764,0
28,34296.3352597709,385,0.5776317543444226,17217.618692312077,0
68,58049.79128790929,343,0.35920874698269034,6489.35646730806,0
64,67785.56231994496,436,0.823552226611819,17753.93867558382,0
40,60784.299659976,720,0.8206961607667793,14026.616688210013,0
33,64940.715287087245,373,0.4773503981224013,15023.005435485695,0
48,38648.073671458085,847,0.3508191093350156,19099.440769908986,0
28,28672.839998872343,811,0.36255979655909454,20916.13586856423,0
33,72520.0047793323,455,0.8057145256682179,10705.936360396554,0
25,45159.802417367966,554,0.328179482797612,14851.291729223081,0
21,46237.50475317429,470,0.20905937370684602,12269.444986307151,0
57,69922.91212773586,469,0.08468834187530683,17984.310905371312,0
21,58343.4501410099,621,0.4666931208844084,13838.477531319153,0
42,56838.31658122411,755,0.4821320989198419,15146.257398509377,0
20,82475.03517351625,454,0.8409087104029072,13648.616194949176,0
49,40347.22654429785,648,0.22123869644606398,14469.40242215334,1
20,63917.60192121856,750,0.3809912736683999,23523.255029640677,1
44,50855.19687345627,472,0.8084057388936909,26953.83082383862,0
46,54028.88418294885,309,0.8236236107489735,16885.46046871238,0
49,72927.02639618798,564,0.3846110759787682,14500.151100915484,0
67,57617.53634434436,737,0.4591240232866809,7021.816195551584,0
68,58074.441185744494,546,0.3032858908492829,11197.909000943131,0
36,66087.61005964704,845,0.9325548784193121,14366.319821070469,0
38,44525.70905685672,798,0.11864376574158031,11424.683896812869,1
22,37411.85498991491,428,0.93374942300147,11950.496185640388,0
35,34327.862089684495,626,0.6838664518353432,22876.947370280825,0
45,20504.65115935997,703,0.5315721526867312,15143.954068692408,0
59,80843.10694910484,658,0.032659060784495875,15591.059957009684,1
39,33451.87451417475,316,0.4755961918220083,11629.047198308866,0
38,46681.19564621342,573,0.4077481050027323,20887.72362384793,0
23,45847.80050166619,415,0.16121881197512256,13937.10686005716,0
18,54611.10046713651,390,0.6564096035006569,12395.68167424572,0
22,62236.05818808945,381,0.9711509073682858,7096.245913452793,0
58,62907.10232539618,623,0.5621888110645251,14694.49043124317,0
29,41253.83842146592,413,0.7147532764439458,12239.709991112992,0
43,47493.174293203825,357,0.06845045256601678,23422.898730084496,0
63,54238.69925732449,453,0.41766699581699473,24219.493460009755,0
51,46269.633107246795,703,0.11635848516449587,8823.597526168627,1
66,74110.18364029989,565,0.6127958355365104,9389.233810595015,0
31,57364.62427457377,614,0.9384821582141546,13618.40182436776,0
43,61023.16679074726,340,0.6617777324716385,10919.810523028642,0
62,59943.21903001119,404,0.07680304831442153,16087.082878433568,0
44,67602.10786227987,492,0.35466620498508283,13366.882554572163,0
26,52715.3233805556,700,0.5506633794408515,16402.66170277629,0
43,30547.5207806623,577,0.4032077561332522,20080.467608234834,0
64,55995.31927628962,653,0.8336440104751723,9678.892448322462,0
39,40229.64659312257,555,0.8146710047099892,19976.056112386992,0
64,42070.74977375365,398,0.6118310201032214,11356.737928399116,0
47,58795.4602813264,581,0.37345794513270525,25742.41424574388,0
60,68574.24607150453,702,0.25533637376324414,23104.87983124694,1
65,50319.073651040926,408,0.10587431821312931,14434.598320568824,0
34,54632.49518898446,498,0.35489768348655404,10182.082777349793,0
43,75533.22416952858,602,0.4131725172077195,9225.670101627084,0
53,53611.297692328524,626,0.6758229251040736,19368.14251037265,0
18,89025.24671270592,453,0.6581598242975735,14847.986167347508,0
25,58482.64468447316,704,0.07010813964125695,19634.33442875979,1
66,23588.558612662735,761,0.3952593154311578,26021.1448464782,0
52,61300.12431656799,431,0.18177886721736192,11148.085306419382,0
69,55717.37577324166,383,0.1568127053168057,8849.308781209562,0
32,69346.29131124119,698,0.8273021497372459,15962.80117266313,0
64,60097.72026904937,408,0.04191521671625753,20723.798057261487,0
39,47923.16024024339,520,0.41918287590212133,10297.698551071215,0
31,31635.526455659514,667,0.1682036557665182,15173.123693796231,0
43,46864.65114070962,446,0.879330215678474,21850.21830585495,0
45,37242.1931868605,411,0.5570405132750351,6835.610807548138,0
40,41292.14825292916,793,0.23138063637684803,16176.589807195498,1
31,58828.67606630914,804,0.5024272871663764,12299.484532006076,0
41,75048.56756527109,774,0.7314863597031158,15620.782954856515,0
19,55920.07294734471,570,0.9581180089194338,18548.92145291844,0
62,32061.754069472234,720,0.22044600424541894,16104.042539440456,0
43,56669.040023302114,666,0.8861817721293451,9948.887989440726,0
31,67949.47229968477,579,0.9343041141674903,12493.769308832607,0
68,40853.25643520927,582,0.9164205445320662,22132.96490162233,0
24,47989.742499906235,339,0.6354143568619098,16644.664469620493,0
20,50220.32292093796,488,0.6298206544347077,19201.59563792424,0
64,38226.5253037664,463,0.4032106331838228,16251.476550915213,0
40,59724.20650765789,835,0.7523978823037879,19045.580341209603,0
63,48185.77777088327,835,0.5312940183509319,13019.269550313391,0
60,56292.98665860542,303,0.6774380712282945,11162.441766162821,0
64,36687.6173329685,589,0.42845790384879545,18818.488579240235,0
62,43438.125495148844,732,0.7314964640431391,20636.87005222778,0
35,60835.72036741657,770,0.8244715176045491,10428.593446016792,0
55,44407.502718623495,480,0.14643625660281612,12120.27594288136,0
